-- ============================================================
--  보드게임 카페 키오스크 — 더미 데이터 (board_cafe_kiosk_2603)
--  생성일: 2026-03-26
--  순서: FK 의존 관계에 따라 정렬
-- ============================================================

USE `board_cafe_kiosk_2603`;

-- ============================================================
-- 1. manager (관리자·직원)
-- ============================================================
INSERT INTO `manager` (`login_id`, `password`, `name`, `role`, `is_active`)
VALUES ('admin', '$2a$10$I/U.nHfsL/6wBqXAJV1A3u0KwyHn9wiOVRK7ZVI6rAptphEgRW1Qi', '관리자01', 'ADMIN', TRUE),
       ('admin02', '$2a$10$RySZbh.V/f9khlbVamY3O.Mg8uY9qbwNTbykKep1SqqtbZ9OMB4xe', '관리자02', 'ADMIN', FALSE),
       ('super', '$2a$10$BTMMVv2aPEqCnTF4aWn7u.Tyuh.yruDyPVk1buElSdgCwbMUWOFRi', '사장님', 'ADMIN', TRUE),
       ('staff01', '$2a$10$VW29gAYZYxDRdWhNP.KYUOVAkPeS1DZYSrcxywKGdjGpx4z0QitDa', '직원01', 'STAFF', FALSE),
       ('staff02', '$2a$10$OhUaODvgez2RlesuWWlyXeMzwWRNhYvTrNjgOy07//KxK8sdWaDFG', '직원02', 'STAFF', FALSE);
-- admin01 / 1111 / ADMIN / TRUE
-- admin02 / 2222 / ADMIN / FALSE
-- super / 1234 / ADMIN / TRUE
-- staff01 / 1111 / STAFF / TRUE
-- staff02 / 2222 / STAFF / FALSE

-- ============================================================
-- 2. cafe_table (물리적 테이블 8개)
-- ============================================================
INSERT INTO `cafe_table` (`table_number`, `password`, `status`, `access_token`, `current_session_id`)
VALUES (1, '1111', 'OCCUPIED', 'a1b2c3d4-e5f6-7890-abcd-ef1234567801', NULL),
       (2, '2222', 'OCCUPIED', 'a1b2c3d4-e5f6-7890-abcd-ef1234567802', NULL),
       (3, '3333', 'EMPTY', 'a1b2c3d4-e5f6-7890-abcd-ef1234567803', NULL),
       (4, '4444', 'EMPTY', 'a1b2c3d4-e5f6-7890-abcd-ef1234567804', NULL),
       (5, '5555', 'OCCUPIED', 'a1b2c3d4-e5f6-7890-abcd-ef1234567805', NULL),
       (6, '6666', 'CLEANING', 'a1b2c3d4-e5f6-7890-abcd-ef1234567806', NULL),
       (7, '7777', 'EMPTY', 'a1b2c3d4-e5f6-7890-abcd-ef1234567807', NULL),
       (8, '8888', 'OCCUPIED', 'a1b2c3d4-e5f6-7890-abcd-ef1234567808', NULL),
       (9, '9999', 'EMPTY', 'a1b2c3d4-e5f6-7890-abcd-ef1234567809', NULL),
       (10, '1010', 'EMPTY', 'a1b2c3d4-e5f6-7890-abcd-ef1234567810', NULL),
       (11, '1011', 'EMPTY', 'a1b2c3d4-e5f6-7890-abcd-ef1234567811', NULL),
       (12, '1012', 'EMPTY', 'a1b2c3d4-e5f6-7890-abcd-ef1234567812', NULL);

-- ============================================================
-- 3. customer (등록 고객)
-- ============================================================
INSERT INTO `customer` (`phone`, `is_active`)
VALUES ('010-1234-5678', TRUE),
       ('010-2345-6789', TRUE),
       ('010-3456-7890', TRUE),
       ('010-4567-8901', TRUE),
       ('010-5678-9012', TRUE),
       ('010-6789-0123', TRUE),
       ('010-7890-1234', FALSE);

-- ============================================================
-- 4. category (카테고리)
-- ============================================================
INSERT INTO `category` (`name`, `type`)
VALUES ('커피·에스프레소', 'DRINK'), -- 1
       ('논커피·에이드', 'DRINK'),  -- 2
       ('스낵·과자', 'FOOD'),     -- 3
       ('식사류', 'FOOD'),       -- 4
       ('전략 게임', 'GAME'),     -- 5
       ('파티 게임', 'GAME'),     -- 6
       ('협력 게임', 'GAME'),     -- 7
       ('추가 인원', 'GUEST');
-- 8

-- ============================================================
-- 5. cafe_package (요금 정책)
-- ============================================================
INSERT INTO `cafe_package` (`name`, `type`, `duration_minutes`, `base_price`, `extra_price_per_min`, `is_active`)
VALUES ('1시간 패키지', 'HOURLY', 60, 5000, NULL, TRUE),
       ('2시간 패키지', 'FIXED_TIME', 120, 8000, NULL, TRUE),
       ('3시간 패키지', 'FIXED_TIME', 180, 11000, NULL, TRUE),
       ('종일 자유이용권', 'FREE', NULL, 15000, NULL, TRUE),
       ('초과 시간 요금', 'HOURLY', 60, 2000, 35.00, FALSE);

-- ============================================================
-- 6. table_session (이용 세션)
-- ============================================================
INSERT INTO `table_session` (`table_id`, `package_id`, `initial_guest_cnt`, `check_in_time`, `check_out_time`,
                             `is_active`, `total_amount`)
VALUES (1, 2, 2, '2026-03-25 13:00:00', '2026-03-25 15:10:00', FALSE, 24500), -- 1
       (2, 3, 4, '2026-03-25 15:30:00', '2026-03-25 18:45:00', FALSE, 58000), -- 2
       (3, 1, 1, '2026-03-25 17:00:00', '2026-03-25 18:05:00', FALSE, 7500),  -- 3
       (5, 2, 3, '2026-03-25 19:00:00', '2026-03-25 21:15:00', FALSE, 35000), -- 4
       (8, 4, 5, '2026-03-25 11:00:00', '2026-03-25 23:00:00', FALSE, 95000), -- 5
       (1, 2, 2, '2026-03-26 13:30:00', NULL, TRUE, 0),                       -- 6
       (2, 3, 3, '2026-03-26 14:00:00', NULL, TRUE, 0),                       -- 7
       (5, 1, 2, '2026-03-26 15:00:00', NULL, TRUE, 0),                       -- 8
       (8, 2, 4, '2026-03-26 12:00:00', NULL, TRUE, 0);
-- 9

-- 세션 연결 업데이트
UPDATE `cafe_table`
SET `current_session_id` = 6
WHERE `table_number` = 1;
UPDATE `cafe_table`
SET `current_session_id` = 7
WHERE `table_number` = 2;
UPDATE `cafe_table`
SET `current_session_id` = 8
WHERE `table_number` = 5;
UPDATE `cafe_table`
SET `current_session_id` = 9
WHERE `table_number` = 8;

-- ============================================================
-- 7. menu (음식·음료 + 추가인원 상품)
-- ============================================================
INSERT INTO `menu` (`category_id`, `name`, `price`, `description`, `is_available`)
VALUES (1, '아메리카노', 3000, '깔끔하고 진한 에스프레소 베이스', TRUE),   -- 1
       (1, '카페라떼', 3500, '우유와 에스프레소의 조화', TRUE),        -- 2
       (1, '카푸치노', 3500, '풍성한 우유 거품과 에스프레소', TRUE),     -- 3
       (1, '바닐라라떼', 4000, '달콤한 바닐라 시럽 추가', TRUE),       -- 4
       (2, '레몬에이드', 4000, '상큼한 국산 레몬 착즙', TRUE),        -- 5
       (2, '자몽에이드', 4000, '달콤 쌉싸름한 자몽 에이드', TRUE),      -- 6
       (2, '녹차라떼', 3500, '국내산 말차 분말 사용', TRUE),         -- 7
       (2, '유자차', 3500, '따뜻하게도 아이스로도', TRUE),           -- 8
       (3, '팝콘 (오리지널)', 2000, '고소한 버터 팝콘', TRUE),       -- 9
       (3, '팝콘 (카라멜)', 2500, '달콤한 카라멜 코팅', TRUE),       -- 10
       (3, '나초 + 살사소스', 3000, '바삭한 나초와 살사소스 콤보', TRUE), -- 11
       (3, '믹스 너트', 3500, '7가지 프리미엄 너트 혼합', TRUE),      -- 12
       (4, '토스트 세트', 5000, '계란 토스트 + 음료 세트', TRUE),     -- 13
       (4, '컵라면', 1500, '신라면·짜파게티 선택 가능', TRUE),        -- 14
       (4, '핫도그', 3000, '국산 돼지고기 소시지 사용', FALSE),       -- 15
       (8, '인원 추가 (1명)', 5000, '기본 패키지 인당 추가 요금', TRUE);
-- 16

-- [게임/대여/장바구니/메시지 데이터는 논리적으로 완벽하여 생략 후 order_item 부분으로 넘어감]
-- (실제 실행 시에는 보내주신 원본의 6, 7, 8, 9, 10 섹션을 그대로 넣으시면 됩니다.)

-- (중간 생략: game, game_item, cart, cart_item, macro_message 삽입)

-- ============================================================
-- 8. orders (주문 헤더)
-- ============================================================
INSERT INTO `orders` (`session_id`, `table_id`, `customer_phone`, `status`, `total_amount`, `ordered_at`)
VALUES (1, 1, '010-1234-5678', 'COMPLETED', 13000, '2026-03-25 13:10:00'), -- id=1
       (1, 1, '010-1234-5678', 'COMPLETED', 7500, '2026-03-25 14:00:00'),  -- id=2
       (2, 2, '010-2345-6789', 'COMPLETED', 34000, '2026-03-25 15:45:00'), -- id=3
       (2, 2, NULL, 'COMPLETED', 10000, '2026-03-25 17:00:00'),            -- id=4
       (3, 3, '010-3456-7890', 'COMPLETED', 5000, '2026-03-25 17:10:00'),  -- id=5
       (4, 5, '010-4567-8901', 'COMPLETED', 21500, '2026-03-25 19:15:00'), -- id=6
       (5, 8, NULL, 'COMPLETED', 42000, '2026-03-25 12:00:00'),            -- id=7
       (6, 1, '010-1234-5678', 'COMPLETED', 10000, '2026-03-26 13:40:00'), -- id=8
       (7, 2, '010-5678-9012', 'COMPLETED', 15500, '2026-03-26 14:20:00'), -- id=9
       (8, 5, NULL, 'COOKING', 7000, '2026-03-26 15:10:00'),               -- id=10
       (9, 8, '010-6789-0123', 'PENDING', 21000, '2026-03-26 12:30:00');
-- id=11

-- ============================================================
-- 9. order_item (주문 상세 항목)
-- ============================================================
INSERT INTO `order_item` (`order_id`, `menu_id`, `menu_name`, `price`, `quantity`)
VALUES (1, 1, '아메리카노', 3000, 2),
       (1, 9, '팝콘 (오리지널)', 2000, 1),
       (1, 13, '토스트 세트', 5000, 1),
       (2, 5, '레몬에이드', 4000, 1),
       (2, 12, '믹스 너트', 3500, 1),
       (3, 2, '카페라떼', 3500, 4),
       (3, 10, '팝콘 (카라멜)', 2500, 2),
       (3, 13, '토스트 세트', 5000, 3),
       (4, 7, '녹차라떼', 3500, 2),
       (4, 14, '컵라면', 1500, 2),
       (5, 1, '아메리카노', 3000, 1),
       (5, 9, '팝콘 (오리지널)', 2000, 1),
       (6, 3, '카푸치노', 3500, 3),
       (6, 11, '나초 + 살사소스', 3000, 2),
       (6, 16, '인원 추가 (1명)', 5000, 1),
       (7, 4, '바닐라라떼', 4000, 4),
       (7, 9, '팝콘 (오리지널)', 2000, 5),
       (7, 13, '토스트 세트', 5000, 4),
       (8, 1, '아메리카노', 3000, 2),
       (8, 6, '자몽에이드', 4000, 1),
       (9, 2, '카페라떼', 3500, 3),
       (9, 13, '토스트 세트', 5000, 1),
       (10, 5, '레몬에이드', 4000, 1), -- id=10번 주문 항목 추가
       (10, 14, '컵라면', 1500, 2),
       (11, 4, '바닐라라떼', 4000, 4), -- id=11번 주문 항목 수정
       (11, 10, '팝콘 (카라멜)', 2500, 2);

-- ============================================================
-- game 관련 더미 데이터 추가
-- ============================================================

-- 게임을 menu 테이블에도 등록 (cart_item.menu_id FK 연결용, price=0)
INSERT INTO `menu` (`category_id`, `name`, `price`, `description`, `is_available`)
VALUES (5, '맞춤법 게임',  0, '맞춤법을 맞추는 파티 게임', TRUE),   -- 17
       (6, '숫자 맞추기', 0, '숫자를 맞추는 게임', TRUE),           -- 18
       (6, '동물 맞추기', 0, '동물 카드 게임', TRUE),               -- 19
       (7, '색상 맞추기', 0, '색상을 맞추는 협력 게임', TRUE),      -- 20
       (5, '스피드 게임',  0, '빠르게 반응하는 전략 게임', TRUE),   -- 21
       (6, '퀴즈 게임',   0, '다양한 퀴즈 보드게임', TRUE);         -- 22

-- ============================================================
-- 10. game (보드게임 종목 — MenuService.getGameItems() 이름과 일치)
-- ============================================================
--   category: 5=전략 게임, 6=파티 게임, 7=협력 게임
INSERT INTO `game` (`category_id`, `name`, `min_players`, `max_players`, `play_time`, `is_active`)
VALUES (6, '맞춤법 게임', 2, 6, 20, TRUE), -- id=1  stock=NORMAL 3개
       (6, '숫자 맞추기', 2, 4, 15, TRUE), -- id=2  stock=NORMAL 2개
       (6, '동물 맞추기', 2, 6, 20, TRUE), -- id=3  stock=NORMAL 0개 (전부 대여중/파손)
       (7, '색상 맞추기', 2, 5, 25, TRUE), -- id=4  stock=NORMAL 1개
       (5, '스피드 게임', 2, 8, 10, TRUE), -- id=5  stock=NORMAL 0개 (전부 대여중)
       (6, '퀴즈 게임', 2, 10, 30, TRUE);
-- id=6  stock=NORMAL 4개

-- ============================================================
-- 11. game_item (실물 박스 재고 — status별 합산이 game별 stock)
-- ============================================================
--  NORMAL = 대여 가능 / RENTED = 현재 대여 중 / DAMAGED = 파손 / LOST = 분실
INSERT INTO `game_item` (`game_id`, `serial_number`, `status`)
VALUES
-- 맞춤법 게임 (game_id=1): NORMAL 3개
(1, 'SPL-001', 'NORMAL'),
(1, 'SPL-002', 'NORMAL'),
(1, 'SPL-003', 'NORMAL'),
(1, 'SPL-004', 'RENTED'),  -- 현재 대여 중
(1, 'SPL-005', 'DAMAGED'), -- 파손

-- 숫자 맞추기 (game_id=2): NORMAL 2개
(2, 'NUM-001', 'NORMAL'),
(2, 'NUM-002', 'NORMAL'),
(2, 'NUM-003', 'RENTED'),  -- 현재 대여 중

-- 동물 맞추기 (game_id=3): NORMAL 0개 (전부 대여중 or 파손)
(3, 'ANM-001', 'RENTED'),
(3, 'ANM-002', 'RENTED'),
(3, 'ANM-003', 'DAMAGED'),

-- 색상 맞추기 (game_id=4): NORMAL 1개
(4, 'CLR-001', 'NORMAL'),
(4, 'CLR-002', 'RENTED'),  -- 현재 대여 중
(4, 'CLR-003', 'LOST'),    -- 분실

-- 스피드 게임 (game_id=5): NORMAL 0개 (전부 대여중)
(5, 'SPD-001', 'RENTED'),
(5, 'SPD-002', 'RENTED'),

-- 퀴즈 게임 (game_id=6): NORMAL 4개
(6, 'QUZ-001', 'NORMAL'),
(6, 'QUZ-002', 'NORMAL'),
(6, 'QUZ-003', 'NORMAL'),
(6, 'QUZ-004', 'NORMAL'),
(6, 'QUZ-005', 'RENTED');
-- 현재 대여 중

-- ============================================================
-- 12. game_history (게임 대여 이력 — 현재 대여 중인 RENTED 항목 반영)
-- ============================================================
--  현재 대여 중(is_active=TRUE) 세션: 6(table1), 7(table2), 8(table5), 9(table8)
INSERT INTO `game_history` (`session_id`, `game_item_id`, `rented_at`, `returned_at`, `status`)
VALUES
-- 과거 세션 반납 완료 기록
(1, 4, '2026-03-25 13:05:00', '2026-03-25 14:50:00', 'RETURNED'),  -- 맞춤법 SPL-004
(2, 9, '2026-03-25 15:35:00', '2026-03-25 18:30:00', 'RETURNED'),  -- 동물 ANM-001
(3, 6, '2026-03-25 17:05:00', '2026-03-25 18:00:00', 'RETURNED'),  -- 숫자 NUM-001
(4, 12, '2026-03-25 19:05:00', '2026-03-25 21:10:00', 'RETURNED'), -- 색상 CLR-002
(5, 15, '2026-03-25 11:05:00', '2026-03-25 22:50:00', 'RETURNED'), -- 스피드 SPD-001

-- 현재 대여 중 (session_id 6~9, returned_at=NULL)
(6, 4, '2026-03-26 13:35:00', NULL, 'RENTING'),                    -- table1: 맞춤법 SPL-004
(7, 9, '2026-03-26 14:05:00', NULL, 'RENTING'),                    -- table2: 동물 ANM-001
(7, 10, '2026-03-26 14:05:00', NULL, 'RENTING'),                   -- table2: 동물 ANM-002
(8, 12, '2026-03-26 15:05:00', NULL, 'RENTING'),                   -- table5: 색상 CLR-002
(8, 15, '2026-03-26 15:05:00', NULL, 'RENTING'),                   -- table5: 스피드 SPD-001
(8, 16, '2026-03-26 15:05:00', NULL, 'RENTING'),                   -- table5: 스피드 SPD-002
(9, 7, '2026-03-26 12:05:00', NULL, 'RENTING'),                    -- table8: 숫자 NUM-003
(9, 20, '2026-03-26 12:05:00', NULL, 'RENTING');
-- table8: 퀴즈 QUZ-005

-- ============================================================
-- 13. macro_message
-- ============================================================
INSERT INTO `macro_message` (`direction`, `message_text`, `is_active`)
VALUES
/* STAFF_TO_TABLE: 직원이 테이블(키오스크)로 보내는 알림 */
    ('STAFF_TO_TABLE', '주문하신 음료와 스낵이 준비되었습니다. 카운터에서 수령해 주세요.', TRUE),
    ('STAFF_TO_TABLE', '이용 시간이 10분 남았습니다. 연장을 원하시면 카운터에 문의해 주세요.', TRUE),
    ('STAFF_TO_TABLE', '주문하신 메뉴가 품절되어 취소 처리되었습니다. 죄송합니다.', TRUE),
    ('STAFF_TO_TABLE', '현재 보드게임 반납 구역이 혼잡하오니 테이블에 그대로 두시면 치워드리겠습니다.', TRUE),
    ('STAFF_TO_TABLE', '진행 중인 이벤트에 당첨되셨습니다! 카운터에서 선물을 확인하세요.', TRUE),
    ('STAFF_TO_TABLE', '외부 음식 반입은 금지되어 있습니다. 양해 부탁드립니다.', TRUE),

/* TABLE_TO_STAFF: 고객이 직원(관리자 페이지)에게 보내는 요청 */
    ('TABLE_TO_STAFF', '게임 설명이 필요합니다. 직원을 호출해 주세요.', TRUE),
    ('TABLE_TO_STAFF', '테이블이 지저분합니다. 청소 부탁드려요.', TRUE),
    ('TABLE_TO_STAFF', '물티슈나 티슈가 부족합니다. 가져다주세요.', TRUE),
    ('TABLE_TO_STAFF', '에어컨/히터 온도 조절 부탁드립니다. (추워요/더워요)', TRUE),
    ('TABLE_TO_STAFF', '음료를 쏟았습니다. 도움이 필요합니다.', TRUE),
    ('TABLE_TO_STAFF', '결제 방식 변경이나 오류 문의로 호출합니다.', TRUE);

-- ============================================================
-- 14. table_message
-- ============================================================

-- 1번 테이블에 '물 좀 주세요' 요청 (미확인)
INSERT INTO table_message (table_id, content, is_read)
VALUES (1, '물 좀 주세요!', false);

-- 1번 테이블에 '물티슈 좀 주세요' 요청 (미확인)
INSERT INTO table_message (table_id, content, is_read)
VALUES (1, '물티슈 좀 주세요!', false);

-- 2번 테이블에 '보드게임 추천해주세요' 요청 (미확인)
INSERT INTO table_message (table_id, content, is_read)
VALUES (2, '2인용 보드게임 추천 부탁드려요.', false);

-- 3번 테이블에 '결제 요청' (이미 확인 완료된 데이터 - 점 안나옴)
INSERT INTO table_message (table_id, content, is_read)
VALUES (5, '결제할게요~', true);
